bid,ask,mid,last,underlying_price,open_interest,iv,delta,gamma,theta,vega,symbol,expiration_date,strike,option_type,option_symbol
26.7,29.5,28.1,27.5,202.52,1150,,,,,,AAPL,2025-07-18,185.0,C,AAPL250718C00185000
26.15,26.45,26.3,26.55,202.14,996,,,,,,AAPL,2025-07-18,185.0,C,AAPL250718C00185000
21.05,21.3,21.18,20.48,194.27,974,,,,,,AAPL,2025-07-18,185.0,C,AAPL250718C00185000
22.55,22.8,22.68,22.65,196.98,963,,,,,,AAPL,2025-07-18,185.0,C,AAPL250718C00185000
20.1,20.35,20.23,18.6,193.16,950,,,,,,AAPL,2025-07-18,185.0,C,AAPL250718C00185000
23.95,25.3,24.62,24.0,199.74,953,,,,,,AAPL,2025-07-18,185.0,C,AAPL250718C00185000
27.25,28.55,27.9,27.8,204.6,963,,,,,,AAPL,2025-07-18,185.0,C,AAPL250718C00185000
29.75,30.1,29.92,30.04,208.37,959,,,,,,AAPL,2025-07-18,185.0,C,AAPL250718C00185000
29.35,30.55,29.95,29.83,209.28,1065,,,,,,AAPL,2025-07-18,185.0,C,AAPL250718C00185000
30.9,31.2,31.05,31.65,210.14,1063,,,,,,AAPL,2025-07-18,185.0,C,AAPL250718C00185000
31.6,31.95,31.78,31.88,211.21,1062,,,,,,AAPL,2025-07-18,185.0,C,AAPL250718C00185000
32.9,33.2,33.05,33.35,212.5,1063,,,,,,AAPL,2025-07-18,185.0,C,AAPL250718C00185000
32.9,35.2,34.05,33.07,213.32,1078,,,,,,AAPL,2025-07-18,185.0,C,AAPL250718C00185000
25.85,26.2,26.02,25.7,205.35,1079,,,,,,AAPL,2025-07-18,185.0,C,AAPL250718C00185000
21.1,21.4,21.25,21.2,198.89,1086,,,,,,AAPL,2025-07-18,185.0,C,AAPL250718C00185000
20.05,21.7,20.88,21.6,198.51,1096,,,,,,AAPL,2025-07-18,185.0,C,AAPL250718C00185000
19.0,19.35,19.18,18.22,196.25,1105,,,,,,AAPL,2025-07-18,185.0,C,AAPL250718C00185000
19.6,19.85,19.73,20.52,197.49,1113,,,,,,AAPL,2025-07-18,185.0,C,AAPL250718C00185000
20.0,20.2,20.1,20.69,198.53,1105,,,,,,AAPL,2025-07-18,185.0,C,AAPL250718C00185000
29.45,29.7,29.58,29.15,210.79,1106,,,,,,AAPL,2025-07-18,185.0,C,AAPL250718C00185000
7.9,8.15,8.02,7.25,202.52,3668,,,,,,AAPL,2025-07-18,185.0,P,AAPL250718P00185000
7.2,7.35,7.28,7.15,202.14,3553,,,,,,AAPL,2025-07-18,185.0,P,AAPL250718P00185000
9.9,10.1,10.0,10.25,194.27,3595,,,,,,AAPL,2025-07-18,185.0,P,AAPL250718P00185000
8.9,9.05,8.98,9.0,196.98,3885,,,,,,AAPL,2025-07-18,185.0,P,AAPL250718P00185000
10.25,10.45,10.35,10.35,193.16,3918,,,,,,AAPL,2025-07-18,185.0,P,AAPL250718P00185000
6.05,8.8,7.42,7.75,199.74,3922,,,,,,AAPL,2025-07-18,185.0,P,AAPL250718P00185000
6.25,6.4,6.32,6.1,204.6,4031,,,,,,AAPL,2025-07-18,185.0,P,AAPL250718P00185000
4.95,5.05,5.0,4.9,208.37,4033,,,,,,AAPL,2025-07-18,185.0,P,AAPL250718P00185000
4.4,4.5,4.45,4.6,209.28,4211,,,,,,AAPL,2025-07-18,185.0,P,AAPL250718P00185000
4.2,4.3,4.25,4.0,210.14,4238,,,,,,AAPL,2025-07-18,185.0,P,AAPL250718P00185000
3.9,4.0,3.95,3.99,211.21,4259,,,,,,AAPL,2025-07-18,185.0,P,AAPL250718P00185000
4.0,4.15,4.08,4.0,212.5,4355,,,,,,AAPL,2025-07-18,185.0,P,AAPL250718P00185000
3.6,3.75,3.68,3.69,213.32,4376,,,,,,AAPL,2025-07-18,185.0,P,AAPL250718P00185000
4.2,4.3,4.25,4.37,205.35,4523,,,,,,AAPL,2025-07-18,185.0,P,AAPL250718P00185000
5.8,5.9,5.85,5.7,198.89,4941,,,,,,AAPL,2025-07-18,185.0,P,AAPL250718P00185000
5.9,6.0,5.95,5.68,198.51,4902,,,,,,AAPL,2025-07-18,185.0,P,AAPL250718P00185000
6.4,6.6,6.5,6.42,196.25,5228,,,,,,AAPL,2025-07-18,185.0,P,AAPL250718P00185000
5.7,5.85,5.78,5.65,197.49,6125,,,,,,AAPL,2025-07-18,185.0,P,AAPL250718P00185000
5.2,5.3,5.25,5.2,198.53,6730,,,,,,AAPL,2025-07-18,185.0,P,AAPL250718P00185000
2.16,2.2,2.18,2.32,210.79,6861,,,,,,AAPL,2025-07-18,185.0,P,AAPL250718P00185000
23.1,25.95,24.52,25.0,202.52,1487,,,,,,AAPL,2025-07-18,190.0,C,AAPL250718C00190000
22.55,22.9,22.72,22.75,202.14,1409,,,,,,AAPL,2025-07-18,190.0,C,AAPL250718C00190000
17.9,18.05,17.98,18.05,194.27,1434,,,,,,AAPL,2025-07-18,190.0,C,AAPL250718C00190000
19.25,19.55,19.4,19.3,196.98,1479,,,,,,AAPL,2025-07-18,190.0,C,AAPL250718C00190000
17.0,17.2,17.1,16.45,193.16,1449,,,,,,AAPL,2025-07-18,190.0,C,AAPL250718C00190000
19.65,21.85,20.75,20.67,199.74,1547,,,,,,AAPL,2025-07-18,190.0,C,AAPL250718C00190000
23.7,25.0,24.35,23.55,204.6,1523,,,,,,AAPL,2025-07-18,190.0,C,AAPL250718C00190000
25.95,26.25,26.1,25.72,208.37,1541,,,,,,AAPL,2025-07-18,190.0,C,AAPL250718C00190000
26.3,27.6,26.95,26.4,209.28,1544,,,,,,AAPL,2025-07-18,190.0,C,AAPL250718C00190000
26.95,27.2,27.08,26.97,210.14,1572,,,,,,AAPL,2025-07-18,190.0,C,AAPL250718C00190000
27.65,27.85,27.75,26.95,211.21,1637,,,,,,AAPL,2025-07-18,190.0,C,AAPL250718C00190000
28.75,29.2,28.98,29.3,212.5,1640,,,,,,AAPL,2025-07-18,190.0,C,AAPL250718C00190000
28.85,30.7,29.78,29.7,213.32,1646,,,,,,AAPL,2025-07-18,190.0,C,AAPL250718C00190000
21.95,22.3,22.12,21.6,205.35,1654,,,,,,AAPL,2025-07-18,190.0,C,AAPL250718C00190000
17.65,17.8,17.73,17.6,198.89,1611,,,,,,AAPL,2025-07-18,190.0,C,AAPL250718C00190000
17.25,17.5,17.38,17.52,198.51,1643,,,,,,AAPL,2025-07-18,190.0,C,AAPL250718C00190000
15.7,15.95,15.82,15.6,196.25,1652,,,,,,AAPL,2025-07-18,190.0,C,AAPL250718C00190000
16.15,16.35,16.25,17.02,197.49,1689,,,,,,AAPL,2025-07-18,190.0,C,AAPL250718C00190000
16.45,16.65,16.55,16.6,198.53,1717,,,,,,AAPL,2025-07-18,190.0,C,AAPL250718C00190000
25.2,25.4,25.3,24.75,210.79,1718,,,,,,AAPL,2025-07-18,190.0,C,AAPL250718C00190000
9.35,9.5,9.43,9.44,202.52,3973,,,,,,AAPL,2025-07-18,190.0,P,AAPL250718P00190000
8.55,8.75,8.65,8.75,202.14,4127,,,,,,AAPL,2025-07-18,190.0,P,AAPL250718P00190000
11.7,11.9,11.8,11.85,194.27,4363,,,,,,AAPL,2025-07-18,190.0,P,AAPL250718P00190000
10.5,10.75,10.62,10.7,196.98,4360,,,,,,AAPL,2025-07-18,190.0,P,AAPL250718P00190000
12.2,12.4,12.3,12.25,193.16,4582,,,,,,AAPL,2025-07-18,190.0,P,AAPL250718P00190000
9.25,10.45,9.85,9.21,199.74,5181,,,,,,AAPL,2025-07-18,190.0,P,AAPL250718P00190000
7.6,7.8,7.7,7.55,204.6,5105,,,,,,AAPL,2025-07-18,190.0,P,AAPL250718P00190000
6.05,6.2,6.12,6.0,208.37,5396,,,,,,AAPL,2025-07-18,190.0,P,AAPL250718P00190000
5.05,5.55,5.3,5.5,209.28,5424,,,,,,AAPL,2025-07-18,190.0,P,AAPL250718P00190000
5.2,5.3,5.25,5.09,210.14,5549,,,,,,AAPL,2025-07-18,190.0,P,AAPL250718P00190000
4.85,4.95,4.9,4.85,211.21,5644,,,,,,AAPL,2025-07-18,190.0,P,AAPL250718P00190000
4.9,5.05,4.97,4.8,212.5,5966,,,,,,AAPL,2025-07-18,190.0,P,AAPL250718P00190000
4.5,4.6,4.55,4.5,213.32,6059,,,,,,AAPL,2025-07-18,190.0,P,AAPL250718P00190000
5.25,5.4,5.32,5.5,205.35,6403,,,,,,AAPL,2025-07-18,190.0,P,AAPL250718P00190000
7.25,7.35,7.3,7.3,198.89,6456,,,,,,AAPL,2025-07-18,190.0,P,AAPL250718P00190000
7.4,7.5,7.45,6.9,198.51,6470,,,,,,AAPL,2025-07-18,190.0,P,AAPL250718P00190000
8.0,8.2,8.1,8.15,196.25,6467,,,,,,AAPL,2025-07-18,190.0,P,AAPL250718P00190000
7.25,7.4,7.32,7.37,197.49,6544,,,,,,AAPL,2025-07-18,190.0,P,AAPL250718P00190000
6.65,6.75,6.7,6.65,198.53,6881,,,,,,AAPL,2025-07-18,190.0,P,AAPL250718P00190000
2.83,2.88,2.86,2.88,210.79,7069,,,,,,AAPL,2025-07-18,190.0,P,AAPL250718P00190000
19.65,21.6,20.62,20.65,202.52,1959,,,,,,AAPL,2025-07-18,195.0,C,AAPL250718C00195000
19.25,19.5,19.38,19.85,202.14,1762,,,,,,AAPL,2025-07-18,195.0,C,AAPL250718C00195000
14.95,15.1,15.02,15.15,194.27,1680,,,,,,AAPL,2025-07-18,195.0,C,AAPL250718C00195000
16.15,16.45,16.3,16.67,196.98,1663,,,,,,AAPL,2025-07-18,195.0,C,AAPL250718C00195000
14.25,14.4,14.32,14.35,193.16,1709,,,,,,AAPL,2025-07-18,195.0,C,AAPL250718C00195000
17.35,18.0,17.68,16.86,199.74,1925,,,,,,AAPL,2025-07-18,195.0,C,AAPL250718C00195000
20.3,20.5,20.4,21.16,204.6,2074,,,,,,AAPL,2025-07-18,195.0,C,AAPL250718C00195000
22.45,22.6,22.52,22.55,208.37,2124,,,,,,AAPL,2025-07-18,195.0,C,AAPL250718C00195000
21.95,23.55,22.75,22.7,209.28,2132,,,,,,AAPL,2025-07-18,195.0,C,AAPL250718C00195000
23.2,23.4,23.3,23.85,210.14,2139,,,,,,AAPL,2025-07-18,195.0,C,AAPL250718C00195000
23.85,24.0,23.92,24.2,211.21,2098,,,,,,AAPL,2025-07-18,195.0,C,AAPL250718C00195000
25.0,25.3,25.15,23.93,212.5,2103,,,,,,AAPL,2025-07-18,195.0,C,AAPL250718C00195000
24.95,26.9,25.92,25.5,213.32,2108,,,,,,AAPL,2025-07-18,195.0,C,AAPL250718C00195000
18.35,18.65,18.5,18.0,205.35,2129,,,,,,AAPL,2025-07-18,195.0,C,AAPL250718C00195000
14.35,15.55,14.95,14.45,198.89,2186,,,,,,AAPL,2025-07-18,195.0,C,AAPL250718C00195000
14.1,14.2,14.15,14.45,198.51,2174,,,,,,AAPL,2025-07-18,195.0,C,AAPL250718C00195000
12.65,12.8,12.72,12.85,196.25,2157,,,,,,AAPL,2025-07-18,195.0,C,AAPL250718C00195000
13.05,13.25,13.15,13.15,197.49,2371,,,,,,AAPL,2025-07-18,195.0,C,AAPL250718C00195000
13.25,13.4,13.32,13.5,198.53,2354,,,,,,AAPL,2025-07-18,195.0,C,AAPL250718C00195000
21.1,21.3,21.2,20.72,210.79,2390,,,,,,AAPL,2025-07-18,195.0,C,AAPL250718C00195000
10.95,11.2,11.08,10.05,202.52,3176,,,,,,AAPL,2025-07-18,195.0,P,AAPL250718P00195000
10.2,10.4,10.3,10.07,202.14,3418,,,,,,AAPL,2025-07-18,195.0,P,AAPL250718P00195000
13.75,13.95,13.85,14.33,194.27,3761,,,,,,AAPL,2025-07-18,195.0,P,AAPL250718P00195000
12.35,12.7,12.52,12.56,196.98,3617,,,,,,AAPL,2025-07-18,195.0,P,AAPL250718P00195000
14.3,14.65,14.48,14.4,193.16,3756,,,,,,AAPL,2025-07-18,195.0,P,AAPL250718P00195000
10.7,12.25,11.48,11.17,199.74,3831,,,,,,AAPL,2025-07-18,195.0,P,AAPL250718P00195000
8.05,9.4,8.72,9.2,204.6,4505,,,,,,AAPL,2025-07-18,195.0,P,AAPL250718P00195000
7.4,7.5,7.45,7.4,208.37,4485,,,,,,AAPL,2025-07-18,195.0,P,AAPL250718P00195000
6.65,6.8,6.72,6.85,209.28,4568,,,,,,AAPL,2025-07-18,195.0,P,AAPL250718P00195000
6.35,6.5,6.42,6.25,210.14,4598,,,,,,AAPL,2025-07-18,195.0,P,AAPL250718P00195000
6.0,6.15,6.08,6.0,211.21,4670,,,,,,AAPL,2025-07-18,195.0,P,AAPL250718P00195000
6.05,6.2,6.12,6.0,212.5,4782,,,,,,AAPL,2025-07-18,195.0,P,AAPL250718P00195000
5.45,5.85,5.65,5.32,213.32,4911,,,,,,AAPL,2025-07-18,195.0,P,AAPL250718P00195000
6.6,6.75,6.68,6.64,205.35,4978,,,,,,AAPL,2025-07-18,195.0,P,AAPL250718P00195000
9.0,9.1,9.05,9.05,198.89,5232,,,,,,AAPL,2025-07-18,195.0,P,AAPL250718P00195000
9.2,9.35,9.28,9.15,198.51,6712,,,,,,AAPL,2025-07-18,195.0,P,AAPL250718P00195000
9.95,10.15,10.05,10.05,196.25,6651,,,,,,AAPL,2025-07-18,195.0,P,AAPL250718P00195000
9.15,9.25,9.2,9.25,197.49,8082,,,,,,AAPL,2025-07-18,195.0,P,AAPL250718P00195000
8.4,8.55,8.48,8.4,198.53,7279,,,,,,AAPL,2025-07-18,195.0,P,AAPL250718P00195000
3.7,3.8,3.75,3.77,210.79,7453,,,,,,AAPL,2025-07-18,195.0,P,AAPL250718P00195000
17.0,18.25,17.62,17.44,202.52,3309,,,,,,AAPL,2025-07-18,200.0,C,AAPL250718C00200000
16.15,16.35,16.25,16.4,202.14,3381,,,,,,AAPL,2025-07-18,200.0,C,AAPL250718C00200000
12.25,12.45,12.35,12.53,194.27,3352,,,,,,AAPL,2025-07-18,200.0,C,AAPL250718C00200000
13.45,13.55,13.5,13.72,196.98,3537,,,,,,AAPL,2025-07-18,200.0,C,AAPL250718C00200000
11.6,11.8,11.7,11.8,193.16,4008,,,,,,AAPL,2025-07-18,200.0,C,AAPL250718C00200000
13.65,14.95,14.3,14.75,199.74,4033,,,,,,AAPL,2025-07-18,200.0,C,AAPL250718C00200000
17.1,17.35,17.23,18.0,204.6,4114,,,,,,AAPL,2025-07-18,200.0,C,AAPL250718C00200000
18.9,19.35,19.12,19.39,208.37,4192,,,,,,AAPL,2025-07-18,200.0,C,AAPL250718C00200000
18.25,19.4,18.82,19.3,209.28,4320,,,,,,AAPL,2025-07-18,200.0,C,AAPL250718C00200000
19.7,19.9,19.8,20.15,210.14,4232,,,,,,AAPL,2025-07-18,200.0,C,AAPL250718C00200000
20.25,20.45,20.35,20.35,211.21,4294,,,,,,AAPL,2025-07-18,200.0,C,AAPL250718C00200000
21.3,21.6,21.45,21.95,212.5,4336,,,,,,AAPL,2025-07-18,200.0,C,AAPL250718C00200000
19.4,23.05,21.22,21.63,213.32,4319,,,,,,AAPL,2025-07-18,200.0,C,AAPL250718C00200000
15.05,15.3,15.18,15.3,205.35,4327,,,,,,AAPL,2025-07-18,200.0,C,AAPL250718C00200000
11.5,11.65,11.58,11.55,198.89,4325,,,,,,AAPL,2025-07-18,200.0,C,AAPL250718C00200000
11.25,11.35,11.3,11.3,198.51,4511,,,,,,AAPL,2025-07-18,200.0,C,AAPL250718C00200000
9.95,10.1,10.02,10.15,196.25,4676,,,,,,AAPL,2025-07-18,200.0,C,AAPL250718C00200000
10.3,10.45,10.38,10.21,197.49,5330,,,,,,AAPL,2025-07-18,200.0,C,AAPL250718C00200000
10.4,10.5,10.45,10.45,198.53,5483,,,,,,AAPL,2025-07-18,200.0,C,AAPL250718C00200000
17.3,17.5,17.4,17.4,210.79,5610,,,,,,AAPL,2025-07-18,200.0,C,AAPL250718C00200000
11.95,14.0,12.98,12.95,202.52,11882,,,,,,AAPL,2025-07-18,200.0,P,AAPL250718P00200000
12.05,12.25,12.15,12.15,202.14,12080,,,,,,AAPL,2025-07-18,200.0,P,AAPL250718P00200000
16.1,16.3,16.2,16.39,194.27,12024,,,,,,AAPL,2025-07-18,200.0,P,AAPL250718P00200000
14.6,14.9,14.75,14.75,196.98,11761,,,,,,AAPL,2025-07-18,200.0,P,AAPL250718P00200000
16.75,17.15,16.95,17.47,193.16,10535,,,,,,AAPL,2025-07-18,200.0,P,AAPL250718P00200000
13.15,13.5,13.32,13.15,199.74,10509,,,,,,AAPL,2025-07-18,200.0,P,AAPL250718P00200000
10.95,11.25,11.1,10.95,204.6,11058,,,,,,AAPL,2025-07-18,200.0,P,AAPL250718P00200000
8.95,9.15,9.05,9.0,208.37,11141,,,,,,AAPL,2025-07-18,200.0,P,AAPL250718P00200000
8.15,8.95,8.55,8.2,209.28,13187,,,,,,AAPL,2025-07-18,200.0,P,AAPL250718P00200000
7.8,7.95,7.88,7.93,210.14,13252,,,,,,AAPL,2025-07-18,200.0,P,AAPL250718P00200000
7.4,7.5,7.45,7.35,211.21,14503,,,,,,AAPL,2025-07-18,200.0,P,AAPL250718P00200000
7.4,7.6,7.5,7.45,212.5,14565,,,,,,AAPL,2025-07-18,200.0,P,AAPL250718P00200000
6.85,7.0,6.92,6.95,213.32,14542,,,,,,AAPL,2025-07-18,200.0,P,AAPL250718P00200000
8.2,8.4,8.3,8.41,205.35,14845,,,,,,AAPL,2025-07-18,200.0,P,AAPL250718P00200000
11.1,11.2,11.15,11.25,198.89,14753,,,,,,AAPL,2025-07-18,200.0,P,AAPL250718P00200000
11.35,11.45,11.4,11.1,198.51,15413,,,,,,AAPL,2025-07-18,200.0,P,AAPL250718P00200000
12.25,12.4,12.32,12.35,196.25,15296,,,,,,AAPL,2025-07-18,200.0,P,AAPL250718P00200000
11.35,11.5,11.42,11.5,197.49,14392,,,,,,AAPL,2025-07-18,200.0,P,AAPL250718P00200000
10.55,10.7,10.62,10.6,198.53,14464,,,,,,AAPL,2025-07-18,200.0,P,AAPL250718P00200000
4.85,4.95,4.9,5.0,210.79,13088,,,,,,AAPL,2025-07-18,200.0,P,AAPL250718P00200000
14.45,15.65,15.05,14.64,202.52,1916,,,,,,AAPL,2025-07-18,205.0,C,AAPL250718C00205000
13.3,13.5,13.4,13.45,202.14,1516,,,,,,AAPL,2025-07-18,205.0,C,AAPL250718C00205000
9.9,10.05,9.98,10.1,194.27,1514,,,,,,AAPL,2025-07-18,205.0,C,AAPL250718C00205000
10.9,11.05,10.98,11.15,196.98,2214,,,,,,AAPL,2025-07-18,205.0,C,AAPL250718C00205000
9.35,9.5,9.43,9.5,193.16,2232,,,,,,AAPL,2025-07-18,205.0,C,AAPL250718C00205000
11.9,12.4,12.15,12.1,199.74,2390,,,,,,AAPL,2025-07-18,205.0,C,AAPL250718C00205000
14.25,16.0,15.12,14.95,204.6,2478,,,,,,AAPL,2025-07-18,205.0,C,AAPL250718C00205000
15.9,16.15,16.02,16.15,208.37,2728,,,,,,AAPL,2025-07-18,205.0,C,AAPL250718C00205000
15.9,16.25,16.08,16.0,209.28,2669,,,,,,AAPL,2025-07-18,205.0,C,AAPL250718C00205000
16.35,16.55,16.45,17.2,210.14,2723,,,,,,AAPL,2025-07-18,205.0,C,AAPL250718C00205000
16.9,17.05,16.98,17.18,211.21,2752,,,,,,AAPL,2025-07-18,205.0,C,AAPL250718C00205000
17.85,18.35,18.1,18.2,212.5,2721,,,,,,AAPL,2025-07-18,205.0,C,AAPL250718C00205000
16.05,19.0,17.52,18.0,213.32,2745,,,,,,AAPL,2025-07-18,205.0,C,AAPL250718C00205000
11.95,12.25,12.1,12.2,205.35,2769,,,,,,AAPL,2025-07-18,205.0,C,AAPL250718C00205000
9.0,9.1,9.05,9.0,198.89,4147,,,,,,AAPL,2025-07-18,205.0,C,AAPL250718C00205000
8.75,8.85,8.8,8.8,198.51,5477,,,,,,AAPL,2025-07-18,205.0,C,AAPL250718C00205000
7.6,7.75,7.68,7.8,196.25,5669,,,,,,AAPL,2025-07-18,205.0,C,AAPL250718C00205000
7.9,8.05,7.98,7.85,197.49,5894,,,,,,AAPL,2025-07-18,205.0,C,AAPL250718C00205000
7.95,8.05,8.0,8.0,198.53,5853,,,,,,AAPL,2025-07-18,205.0,C,AAPL250718C00205000
13.85,13.95,13.9,13.83,210.79,6082,,,,,,AAPL,2025-07-18,205.0,C,AAPL250718C00205000
14.05,15.25,14.65,14.86,202.52,4572,,,,,,AAPL,2025-07-18,205.0,P,AAPL250718P00205000
14.2,14.45,14.32,14.27,202.14,4671,,,,,,AAPL,2025-07-18,205.0,P,AAPL250718P00205000
18.65,18.95,18.8,19.64,194.27,4774,,,,,,AAPL,2025-07-18,205.0,P,AAPL250718P00205000
16.85,17.55,17.2,16.89,196.98,5388,,,,,,AAPL,2025-07-18,205.0,P,AAPL250718P00205000
19.25,20.1,19.68,19.55,193.16,5425,,,,,,AAPL,2025-07-18,205.0,P,AAPL250718P00205000
15.5,18.0,16.75,15.85,199.74,5660,,,,,,AAPL,2025-07-18,205.0,P,AAPL250718P00205000
12.05,13.3,12.68,12.85,204.6,5683,,,,,,AAPL,2025-07-18,205.0,P,AAPL250718P00205000
10.8,11.05,10.92,10.75,208.37,5892,,,,,,AAPL,2025-07-18,205.0,P,AAPL250718P00205000
9.0,10.1,9.55,10.0,209.28,5964,,,,,,AAPL,2025-07-18,205.0,P,AAPL250718P00205000
9.5,9.65,9.57,9.4,210.14,5921,,,,,,AAPL,2025-07-18,205.0,P,AAPL250718P00205000
9.05,9.15,9.1,9.0,211.21,5935,,,,,,AAPL,2025-07-18,205.0,P,AAPL250718P00205000
8.8,9.15,8.98,8.65,212.5,6032,,,,,,AAPL,2025-07-18,205.0,P,AAPL250718P00205000
8.4,8.55,8.48,8.44,213.32,6039,,,,,,AAPL,2025-07-18,205.0,P,AAPL250718P00205000
10.05,10.35,10.2,10.4,205.35,6031,,,,,,AAPL,2025-07-18,205.0,P,AAPL250718P00205000
13.55,13.7,13.62,13.38,198.89,6310,,,,,,AAPL,2025-07-18,205.0,P,AAPL250718P00205000
13.85,14.0,13.92,13.41,198.51,6630,,,,,,AAPL,2025-07-18,205.0,P,AAPL250718P00205000
14.9,15.15,15.02,15.4,196.25,6749,,,,,,AAPL,2025-07-18,205.0,P,AAPL250718P00205000
13.8,14.2,14.0,14.0,197.49,6777,,,,,,AAPL,2025-07-18,205.0,P,AAPL250718P00205000
13.1,13.25,13.18,13.0,198.53,6878,,,,,,AAPL,2025-07-18,205.0,P,AAPL250718P00205000
6.35,6.45,6.4,6.42,210.79,8755,,,,,,AAPL,2025-07-18,205.0,P,AAPL250718P00205000
11.95,13.05,12.5,12.1,202.52,3054,,,,,,AAPL,2025-07-18,210.0,C,AAPL250718C00210000
10.65,11.0,10.82,10.81,202.14,3364,,,,,,AAPL,2025-07-18,210.0,C,AAPL250718C00210000
7.8,7.95,7.88,7.95,194.27,3342,,,,,,AAPL,2025-07-18,210.0,C,AAPL250718C00210000
8.65,8.8,8.72,8.85,196.98,3449,,,,,,AAPL,2025-07-18,210.0,C,AAPL250718C00210000
7.35,7.55,7.45,7.46,193.16,3532,,,,,,AAPL,2025-07-18,210.0,C,AAPL250718C00210000
9.55,9.95,9.75,9.65,199.74,3661,,,,,,AAPL,2025-07-18,210.0,C,AAPL250718C00210000
11.6,11.9,11.75,12.2,204.6,3496,,,,,,AAPL,2025-07-18,210.0,C,AAPL250718C00210000
12.95,13.2,13.08,13.25,208.37,4038,,,,,,AAPL,2025-07-18,210.0,C,AAPL250718C00210000
12.9,13.25,13.08,13.15,209.28,4041,,,,,,AAPL,2025-07-18,210.0,C,AAPL250718C00210000
13.4,13.6,13.5,13.58,210.14,4269,,,,,,AAPL,2025-07-18,210.0,C,AAPL250718C00210000
13.85,14.0,13.92,14.11,211.21,4293,,,,,,AAPL,2025-07-18,210.0,C,AAPL250718C00210000
14.8,15.1,14.95,15.23,212.5,4321,,,,,,AAPL,2025-07-18,210.0,C,AAPL250718C00210000
14.25,15.7,14.98,15.09,213.32,4354,,,,,,AAPL,2025-07-18,210.0,C,AAPL250718C00210000
9.35,9.55,9.45,9.5,205.35,4472,,,,,,AAPL,2025-07-18,210.0,C,AAPL250718C00210000
6.8,6.95,6.88,6.85,198.89,5220,,,,,,AAPL,2025-07-18,210.0,C,AAPL250718C00210000
6.6,6.7,6.65,6.71,198.51,5459,,,,,,AAPL,2025-07-18,210.0,C,AAPL250718C00210000
5.65,5.8,5.72,5.75,196.25,5502,,,,,,AAPL,2025-07-18,210.0,C,AAPL250718C00210000
5.95,6.05,6.0,6.0,197.49,5589,,,,,,AAPL,2025-07-18,210.0,C,AAPL250718C00210000
5.9,6.0,5.95,5.96,198.53,5745,,,,,,AAPL,2025-07-18,210.0,C,AAPL250718C00210000
10.7,10.85,10.78,10.75,210.79,6147,,,,,,AAPL,2025-07-18,210.0,C,AAPL250718C00210000
15.35,18.85,17.1,15.5,202.52,5094,,,,,,AAPL,2025-07-18,210.0,P,AAPL250718P00210000
16.45,17.2,16.82,16.65,202.14,5163,,,,,,AAPL,2025-07-18,210.0,P,AAPL250718P00210000
21.65,21.95,21.8,22.32,194.27,5211,,,,,,AAPL,2025-07-18,210.0,P,AAPL250718P00210000
19.8,20.1,19.95,20.0,196.98,5167,,,,,,AAPL,2025-07-18,210.0,P,AAPL250718P00210000
22.6,22.9,22.75,23.23,193.16,5186,,,,,,AAPL,2025-07-18,210.0,P,AAPL250718P00210000
16.9,19.25,18.08,18.15,199.74,5172,,,,,,AAPL,2025-07-18,210.0,P,AAPL250718P00210000
15.4,15.7,15.55,15.2,204.6,5192,,,,,,AAPL,2025-07-18,210.0,P,AAPL250718P00210000
12.85,13.1,12.98,12.83,208.37,5974,,,,,,AAPL,2025-07-18,210.0,P,AAPL250718P00210000
12.0,12.25,12.12,12.05,209.28,6037,,,,,,AAPL,2025-07-18,210.0,P,AAPL250718P00210000
11.5,11.75,11.62,11.1,210.14,6088,,,,,,AAPL,2025-07-18,210.0,P,AAPL250718P00210000
10.95,11.1,11.02,11.0,211.21,6559,,,,,,AAPL,2025-07-18,210.0,P,AAPL250718P00210000
10.75,11.0,10.88,10.7,212.5,7135,,,,,,AAPL,2025-07-18,210.0,P,AAPL250718P00210000
10.25,10.4,10.32,10.5,213.32,7371,,,,,,AAPL,2025-07-18,210.0,P,AAPL250718P00210000
12.4,12.7,12.55,12.55,205.35,7921,,,,,,AAPL,2025-07-18,210.0,P,AAPL250718P00210000
16.1,16.65,16.38,16.65,198.89,7725,,,,,,AAPL,2025-07-18,210.0,P,AAPL250718P00210000
15.35,17.2,16.27,15.75,198.51,7704,,,,,,AAPL,2025-07-18,210.0,P,AAPL250718P00210000
17.8,18.4,18.1,17.65,196.25,7665,,,,,,AAPL,2025-07-18,210.0,P,AAPL250718P00210000
16.95,17.3,17.12,16.53,197.49,7626,,,,,,AAPL,2025-07-18,210.0,P,AAPL250718P00210000
16.05,16.3,16.18,16.62,198.53,7608,,,,,,AAPL,2025-07-18,210.0,P,AAPL250718P00210000
8.2,8.35,8.28,8.37,210.79,7626,,,,,,AAPL,2025-07-18,210.0,P,AAPL250718P00210000
9.05,10.1,9.57,10.77,202.52,6751,,,,,,AAPL,2025-07-18,215.0,C,AAPL250718C00215000
8.55,8.7,8.62,8.65,202.14,6911,,,,,,AAPL,2025-07-18,215.0,C,AAPL250718C00215000
6.0,6.15,6.08,6.1,194.27,7117,,,,,,AAPL,2025-07-18,215.0,C,AAPL250718C00215000
6.75,6.85,6.8,6.7,196.98,7883,,,,,,AAPL,2025-07-18,215.0,C,AAPL250718C00215000
5.7,5.85,5.78,5.8,193.16,7935,,,,,,AAPL,2025-07-18,215.0,C,AAPL250718C00215000
7.4,7.8,7.6,7.5,199.74,7947,,,,,,AAPL,2025-07-18,215.0,C,AAPL250718C00215000
9.25,9.45,9.35,9.6,204.6,8349,,,,,,AAPL,2025-07-18,215.0,C,AAPL250718C00215000
10.4,10.65,10.52,10.62,208.37,8378,,,,,,AAPL,2025-07-18,215.0,C,AAPL250718C00215000
10.35,11.0,10.68,10.45,209.28,8379,,,,,,AAPL,2025-07-18,215.0,C,AAPL250718C00215000
10.8,10.9,10.85,10.9,210.14,8437,,,,,,AAPL,2025-07-18,215.0,C,AAPL250718C00215000
11.1,11.2,11.15,11.4,211.21,8497,,,,,,AAPL,2025-07-18,215.0,C,AAPL250718C00215000
12.05,12.3,12.18,12.5,212.5,8631,,,,,,AAPL,2025-07-18,215.0,C,AAPL250718C00215000
11.8,12.25,12.02,12.16,213.32,8666,,,,,,AAPL,2025-07-18,215.0,C,AAPL250718C00215000
7.1,7.25,7.18,7.1,205.35,8764,,,,,,AAPL,2025-07-18,215.0,C,AAPL250718C00215000
5.05,5.15,5.1,5.1,198.89,9024,,,,,,AAPL,2025-07-18,215.0,C,AAPL250718C00215000
4.85,4.95,4.9,5.05,198.51,9221,,,,,,AAPL,2025-07-18,215.0,C,AAPL250718C00215000
4.1,4.25,4.18,4.1,196.25,9314,,,,,,AAPL,2025-07-18,215.0,C,AAPL250718C00215000
4.35,4.45,4.4,4.35,197.49,9249,,,,,,AAPL,2025-07-18,215.0,C,AAPL250718C00215000
4.25,4.35,4.3,4.39,198.53,9407,,,,,,AAPL,2025-07-18,215.0,C,AAPL250718C00215000
8.05,8.15,8.1,8.05,210.79,9622,,,,,,AAPL,2025-07-18,215.0,C,AAPL250718C00215000
18.0,21.8,19.9,18.6,202.52,4807,,,,,,AAPL,2025-07-18,215.0,P,AAPL250718P00215000
19.2,19.95,19.58,18.8,202.14,4792,,,,,,AAPL,2025-07-18,215.0,P,AAPL250718P00215000
24.9,25.25,25.08,25.39,194.27,4792,,,,,,AAPL,2025-07-18,215.0,P,AAPL250718P00215000
22.95,23.55,23.25,23.43,196.98,4796,,,,,,AAPL,2025-07-18,215.0,P,AAPL250718P00215000
25.75,26.6,26.18,28.08,193.16,4794,,,,,,AAPL,2025-07-18,215.0,P,AAPL250718P00215000
20.65,23.6,22.12,20.67,199.74,4798,,,,,,AAPL,2025-07-18,215.0,P,AAPL250718P00215000
17.65,18.7,18.18,18.25,204.6,4792,,,,,,AAPL,2025-07-18,215.0,P,AAPL250718P00215000
15.3,15.65,15.48,15.55,208.37,4798,,,,,,AAPL,2025-07-18,215.0,P,AAPL250718P00215000
12.95,14.6,13.78,14.45,209.28,5767,,,,,,AAPL,2025-07-18,215.0,P,AAPL250718P00215000
13.85,14.0,13.92,13.35,210.14,5826,,,,,,AAPL,2025-07-18,215.0,P,AAPL250718P00215000
13.2,13.35,13.28,13.15,211.21,5844,,,,,,AAPL,2025-07-18,215.0,P,AAPL250718P00215000
12.95,13.2,13.08,12.7,212.5,5848,,,,,,AAPL,2025-07-18,215.0,P,AAPL250718P00215000
11.0,12.7,11.85,11.95,213.32,5928,,,,,,AAPL,2025-07-18,215.0,P,AAPL250718P00215000
14.85,15.55,15.2,15.6,205.35,6475,,,,,,AAPL,2025-07-18,215.0,P,AAPL250718P00215000
19.35,19.95,19.65,19.5,198.89,6492,,,,,,AAPL,2025-07-18,215.0,P,AAPL250718P00215000
18.9,20.7,19.8,19.8,198.51,6481,,,,,,AAPL,2025-07-18,215.0,P,AAPL250718P00215000
21.35,21.9,21.62,21.8,196.25,6456,,,,,,AAPL,2025-07-18,215.0,P,AAPL250718P00215000
20.45,20.85,20.65,20.64,197.49,6445,,,,,,AAPL,2025-07-18,215.0,P,AAPL250718P00215000
19.35,19.9,19.62,20.2,198.53,6449,,,,,,AAPL,2025-07-18,215.0,P,AAPL250718P00215000
10.55,10.7,10.62,11.05,210.79,6446,,,,,,AAPL,2025-07-18,215.0,P,AAPL250718P00215000
7.65,7.8,7.72,7.82,202.52,5261,,,,,,AAPL,2025-07-18,220.0,C,AAPL250718C00220000
6.65,6.75,6.7,6.65,202.14,4726,,,,,,AAPL,2025-07-18,220.0,C,AAPL250718C00220000
4.55,4.7,4.62,4.65,194.27,5036,,,,,,AAPL,2025-07-18,220.0,C,AAPL250718C00220000
5.1,5.25,5.18,5.15,196.98,5218,,,,,,AAPL,2025-07-18,220.0,C,AAPL250718C00220000
4.3,4.5,4.4,4.51,193.16,5561,,,,,,AAPL,2025-07-18,220.0,C,AAPL250718C00220000
5.8,6.1,5.95,5.84,199.74,5937,,,,,,AAPL,2025-07-18,220.0,C,AAPL250718C00220000
7.3,7.4,7.35,7.3,204.6,6390,,,,,,AAPL,2025-07-18,220.0,C,AAPL250718C00220000
8.2,8.4,8.3,8.4,208.37,6445,,,,,,AAPL,2025-07-18,220.0,C,AAPL250718C00220000
7.55,8.2,7.88,8.1,209.28,6713,,,,,,AAPL,2025-07-18,220.0,C,AAPL250718C00220000
8.35,8.5,8.43,8.7,210.14,6800,,,,,,AAPL,2025-07-18,220.0,C,AAPL250718C00220000
8.65,8.8,8.72,8.63,211.21,6967,,,,,,AAPL,2025-07-18,220.0,C,AAPL250718C00220000
9.4,9.7,9.55,9.7,212.5,7187,,,,,,AAPL,2025-07-18,220.0,C,AAPL250718C00220000
9.15,9.95,9.55,9.4,213.32,7142,,,,,,AAPL,2025-07-18,220.0,C,AAPL250718C00220000
5.1,5.35,5.22,5.2,205.35,7228,,,,,,AAPL,2025-07-18,220.0,C,AAPL250718C00220000
3.65,3.75,3.7,3.65,198.89,7655,,,,,,AAPL,2025-07-18,220.0,C,AAPL250718C00220000
3.5,3.6,3.55,3.69,198.51,7660,,,,,,AAPL,2025-07-18,220.0,C,AAPL250718C00220000
2.94,3.05,3.0,3.05,196.25,7628,,,,,,AAPL,2025-07-18,220.0,C,AAPL250718C00220000
3.1,3.2,3.15,3.14,197.49,8891,,,,,,AAPL,2025-07-18,220.0,C,AAPL250718C00220000
3.05,3.1,3.08,3.08,198.53,9243,,,,,,AAPL,2025-07-18,220.0,C,AAPL250718C00220000
5.85,5.95,5.9,5.85,210.79,10169,,,,,,AAPL,2025-07-18,220.0,C,AAPL250718C00220000
22.1,24.7,23.4,21.35,202.52,5064,,,,,,AAPL,2025-07-18,220.0,P,AAPL250718P00220000
22.55,23.15,22.85,22.4,202.14,5084,,,,,,AAPL,2025-07-18,220.0,P,AAPL250718P00220000
28.55,28.9,28.72,28.5,194.27,5126,,,,,,AAPL,2025-07-18,220.0,P,AAPL250718P00220000
26.35,27.25,26.8,26.42,196.98,5073,,,,,,AAPL,2025-07-18,220.0,P,AAPL250718P00220000
29.65,30.05,29.85,30.75,193.16,5066,,,,,,AAPL,2025-07-18,220.0,P,AAPL250718P00220000
23.1,25.3,24.2,24.51,199.74,5046,,,,,,AAPL,2025-07-18,220.0,P,AAPL250718P00220000
20.85,21.85,21.35,19.24,204.6,5231,,,,,,AAPL,2025-07-18,220.0,P,AAPL250718P00220000
18.1,18.45,18.27,18.85,208.37,5226,,,,,,AAPL,2025-07-18,220.0,P,AAPL250718P00220000
15.65,18.15,16.9,18.45,209.28,5231,,,,,,AAPL,2025-07-18,220.0,P,AAPL250718P00220000
16.35,16.7,16.52,16.05,210.14,5301,,,,,,AAPL,2025-07-18,220.0,P,AAPL250718P00220000
15.4,16.3,15.85,15.64,211.21,5309,,,,,,AAPL,2025-07-18,220.0,P,AAPL250718P00220000
15.45,15.7,15.58,15.6,212.5,5319,,,,,,AAPL,2025-07-18,220.0,P,AAPL250718P00220000
14.85,15.45,15.15,15.06,213.32,5263,,,,,,AAPL,2025-07-18,220.0,P,AAPL250718P00220000
18.35,18.7,18.52,19.4,205.35,5261,,,,,,AAPL,2025-07-18,220.0,P,AAPL250718P00220000
23.15,23.7,23.42,23.35,198.89,5175,,,,,,AAPL,2025-07-18,220.0,P,AAPL250718P00220000
23.6,24.1,23.85,23.0,198.51,5178,,,,,,AAPL,2025-07-18,220.0,P,AAPL250718P00220000
25.25,25.9,25.58,25.5,196.25,5189,,,,,,AAPL,2025-07-18,220.0,P,AAPL250718P00220000
24.1,24.65,24.38,24.17,197.49,5201,,,,,,AAPL,2025-07-18,220.0,P,AAPL250718P00220000
23.3,23.65,23.48,23.55,198.53,5201,,,,,,AAPL,2025-07-18,220.0,P,AAPL250718P00220000
13.4,13.55,13.48,13.98,210.79,5230,,,,,,AAPL,2025-07-18,220.0,P,AAPL250718P00220000
6.0,7.1,6.55,6.1,202.52,7157,,,,,,AAPL,2025-07-18,225.0,C,AAPL250718C00225000
5.05,5.15,5.1,5.2,202.14,7420,,,,,,AAPL,2025-07-18,225.0,C,AAPL250718C00225000
3.4,3.5,3.45,3.45,194.27,7687,,,,,,AAPL,2025-07-18,225.0,C,AAPL250718C00225000
3.85,4.0,3.92,3.91,196.98,8495,,,,,,AAPL,2025-07-18,225.0,C,AAPL250718C00225000
3.3,3.4,3.35,3.35,193.16,8626,,,,,,AAPL,2025-07-18,225.0,C,AAPL250718C00225000
4.4,4.95,4.68,4.5,199.74,8847,,,,,,AAPL,2025-07-18,225.0,C,AAPL250718C00225000
5.55,5.7,5.62,5.75,204.6,9531,,,,,,AAPL,2025-07-18,225.0,C,AAPL250718C00225000
6.4,6.5,6.45,6.55,208.37,9159,,,,,,AAPL,2025-07-18,225.0,C,AAPL250718C00225000
5.3,6.25,5.78,6.25,209.28,9187,,,,,,AAPL,2025-07-18,225.0,C,AAPL250718C00225000
6.4,6.55,6.48,6.7,210.14,9252,,,,,,AAPL,2025-07-18,225.0,C,AAPL250718C00225000
6.55,6.7,6.62,6.65,211.21,9235,,,,,,AAPL,2025-07-18,225.0,C,AAPL250718C00225000
7.25,7.5,7.38,7.61,212.5,9348,,,,,,AAPL,2025-07-18,225.0,C,AAPL250718C00225000
5.05,7.5,6.28,7.3,213.32,9400,,,,,,AAPL,2025-07-18,225.0,C,AAPL250718C00225000
3.65,3.85,3.75,3.84,205.35,9698,,,,,,AAPL,2025-07-18,225.0,C,AAPL250718C00225000
2.59,2.65,2.62,2.6,198.89,10170,,,,,,AAPL,2025-07-18,225.0,C,AAPL250718C00225000
2.52,2.57,2.54,2.63,198.51,10757,,,,,,AAPL,2025-07-18,225.0,C,AAPL250718C00225000
2.07,2.14,2.1,2.13,196.25,12252,,,,,,AAPL,2025-07-18,225.0,C,AAPL250718C00225000
2.23,2.29,2.26,2.26,197.49,12428,,,,,,AAPL,2025-07-18,225.0,C,AAPL250718C00225000
2.14,2.2,2.17,2.18,198.53,13061,,,,,,AAPL,2025-07-18,225.0,C,AAPL250718C00225000
4.1,4.2,4.15,4.1,210.79,13199,,,,,,AAPL,2025-07-18,225.0,C,AAPL250718C00225000
24.5,27.0,25.75,26.7,202.52,3670,,,,,,AAPL,2025-07-18,225.0,P,AAPL250718P00225000
25.85,26.65,26.25,26.6,202.14,3677,,,,,,AAPL,2025-07-18,225.0,P,AAPL250718P00225000
32.5,33.05,32.78,32.75,194.27,3663,,,,,,AAPL,2025-07-18,225.0,P,AAPL250718P00225000
30.3,30.7,30.5,30.16,196.98,3669,,,,,,AAPL,2025-07-18,225.0,P,AAPL250718P00225000
33.5,34.1,33.8,34.56,193.16,3670,,,,,,AAPL,2025-07-18,225.0,P,AAPL250718P00225000
26.75,30.2,28.48,27.72,199.74,3676,,,,,,AAPL,2025-07-18,225.0,P,AAPL250718P00225000
22.75,25.35,24.05,23.75,204.6,3674,,,,,,AAPL,2025-07-18,225.0,P,AAPL250718P00225000
20.85,21.65,21.25,21.92,208.37,3673,,,,,,AAPL,2025-07-18,225.0,P,AAPL250718P00225000
18.25,20.55,19.4,20.3,209.28,3671,,,,,,AAPL,2025-07-18,225.0,P,AAPL250718P00225000
19.45,20.0,19.73,19.66,210.14,3640,,,,,,AAPL,2025-07-18,225.0,P,AAPL250718P00225000
18.65,19.1,18.88,18.65,211.21,3640,,,,,,AAPL,2025-07-18,225.0,P,AAPL250718P00225000
18.05,18.75,18.4,19.35,212.5,3652,,,,,,AAPL,2025-07-18,225.0,P,AAPL250718P00225000
17.4,18.75,18.08,17.1,213.32,3663,,,,,,AAPL,2025-07-18,225.0,P,AAPL250718P00225000
21.95,22.4,22.18,22.43,205.35,3657,,,,,,AAPL,2025-07-18,225.0,P,AAPL250718P00225000
27.15,27.75,27.45,26.43,198.89,3628,,,,,,AAPL,2025-07-18,225.0,P,AAPL250718P00225000
26.05,29.1,27.58,26.7,198.51,3635,,,,,,AAPL,2025-07-18,225.0,P,AAPL250718P00225000
29.45,30.9,30.18,29.65,196.25,3617,,,,,,AAPL,2025-07-18,225.0,P,AAPL250718P00225000
28.45,28.95,28.7,26.75,197.49,3632,,,,,,AAPL,2025-07-18,225.0,P,AAPL250718P00225000
27.5,27.95,27.72,28.17,198.53,3721,,,,,,AAPL,2025-07-18,225.0,P,AAPL250718P00225000
16.65,16.95,16.8,17.15,210.79,3711,,,,,,AAPL,2025-07-18,225.0,P,AAPL250718P00225000
4.6,4.7,4.65,4.65,202.52,6032,,,,,,AAPL,2025-07-18,230.0,C,AAPL250718C00230000
3.75,3.9,3.82,3.85,202.14,46389,,,,,,AAPL,2025-07-18,230.0,C,AAPL250718C00230000
2.5,2.59,2.54,2.53,194.27,46830,,,,,,AAPL,2025-07-18,230.0,C,AAPL250718C00230000
2.85,2.95,2.9,2.79,196.98,47104,,,,,,AAPL,2025-07-18,230.0,C,AAPL250718C00230000
2.45,2.53,2.49,2.5,193.16,47132,,,,,,AAPL,2025-07-18,230.0,C,AAPL250718C00230000
3.25,3.45,3.35,3.35,199.74,47750,,,,,,AAPL,2025-07-18,230.0,C,AAPL250718C00230000
4.15,4.35,4.25,4.34,204.6,47775,,,,,,AAPL,2025-07-18,230.0,C,AAPL250718C00230000
4.8,4.95,4.88,4.9,208.37,47845,,,,,,AAPL,2025-07-18,230.0,C,AAPL250718C00230000
4.55,5.0,4.78,4.66,209.28,47952,,,,,,AAPL,2025-07-18,230.0,C,AAPL250718C00230000
4.75,4.9,4.82,5.04,210.14,48026,,,,,,AAPL,2025-07-18,230.0,C,AAPL250718C00230000
4.85,4.95,4.9,4.95,211.21,48265,,,,,,AAPL,2025-07-18,230.0,C,AAPL250718C00230000
5.4,5.65,5.52,5.55,212.5,48634,,,,,,AAPL,2025-07-18,230.0,C,AAPL250718C00230000
5.3,6.0,5.65,5.45,213.32,48715,,,,,,AAPL,2025-07-18,230.0,C,AAPL250718C00230000
2.62,2.7,2.66,2.72,205.35,48588,,,,,,AAPL,2025-07-18,230.0,C,AAPL250718C00230000
1.84,1.88,1.86,1.86,198.89,49406,,,,,,AAPL,2025-07-18,230.0,C,AAPL250718C00230000
1.79,1.83,1.81,1.87,198.51,50365,,,,,,AAPL,2025-07-18,230.0,C,AAPL250718C00230000
1.44,1.53,1.48,1.48,196.25,50810,,,,,,AAPL,2025-07-18,230.0,C,AAPL250718C00230000
1.6,1.63,1.62,1.62,197.49,51958,,,,,,AAPL,2025-07-18,230.0,C,AAPL250718C00230000
1.5,1.54,1.52,1.52,198.53,51581,,,,,,AAPL,2025-07-18,230.0,C,AAPL250718C00230000
2.82,2.86,2.84,2.83,210.79,51671,,,,,,AAPL,2025-07-18,230.0,C,AAPL250718C00230000
29.1,31.6,30.35,28.62,202.52,3625,,,,,,AAPL,2025-07-18,230.0,P,AAPL250718P00230000
29.7,30.45,30.08,29.7,202.14,3639,,,,,,AAPL,2025-07-18,230.0,P,AAPL250718P00230000
36.65,37.25,36.95,35.15,194.27,3641,,,,,,AAPL,2025-07-18,230.0,P,AAPL250718P00230000
34.3,35.2,34.75,34.2,196.98,3635,,,,,,AAPL,2025-07-18,230.0,P,AAPL250718P00230000
37.8,38.3,38.05,38.68,193.16,3625,,,,,,AAPL,2025-07-18,230.0,P,AAPL250718P00230000
32.05,34.65,33.35,31.65,199.74,3692,,,,,,AAPL,2025-07-18,230.0,P,AAPL250718P00230000
28.2,28.6,28.4,27.69,204.6,3687,,,,,,AAPL,2025-07-18,230.0,P,AAPL250718P00230000
24.15,25.8,24.98,24.6,208.37,3688,,,,,,AAPL,2025-07-18,230.0,P,AAPL250718P00230000
22.0,24.1,23.05,24.45,209.28,3688,,,,,,AAPL,2025-07-18,230.0,P,AAPL250718P00230000
22.95,23.35,23.15,23.03,210.14,3685,,,,,,AAPL,2025-07-18,230.0,P,AAPL250718P00230000
22.0,22.5,22.25,22.3,211.21,3682,,,,,,AAPL,2025-07-18,230.0,P,AAPL250718P00230000
21.0,22.25,21.62,22.3,212.5,3699,,,,,,AAPL,2025-07-18,230.0,P,AAPL250718P00230000
20.7,21.55,21.12,21.28,213.32,3699,,,,,,AAPL,2025-07-18,230.0,P,AAPL250718P00230000
25.75,26.5,26.12,27.1,205.35,3725,,,,,,AAPL,2025-07-18,230.0,P,AAPL250718P00230000
31.6,32.15,31.88,31.1,198.89,3708,,,,,,AAPL,2025-07-18,230.0,P,AAPL250718P00230000
31.15,33.5,32.33,30.95,198.51,3709,,,,,,AAPL,2025-07-18,230.0,P,AAPL250718P00230000
34.0,35.6,34.8,34.21,196.25,3710,,,,,,AAPL,2025-07-18,230.0,P,AAPL250718P00230000
32.95,33.4,33.17,33.23,197.49,3698,,,,,,AAPL,2025-07-18,230.0,P,AAPL250718P00230000
32.0,32.45,32.22,32.81,198.53,3728,,,,,,AAPL,2025-07-18,230.0,P,AAPL250718P00230000
20.3,20.8,20.55,20.73,210.79,3733,,,,,,AAPL,2025-07-18,230.0,P,AAPL250718P00230000
3.45,4.1,3.78,3.47,202.52,3764,,,,,,AAPL,2025-07-18,235.0,C,AAPL250718C00235000
2.79,2.87,2.83,2.91,202.14,4035,,,,,,AAPL,2025-07-18,235.0,C,AAPL250718C00235000
1.85,1.91,1.88,1.93,194.27,4129,,,,,,AAPL,2025-07-18,235.0,C,AAPL250718C00235000
2.1,2.18,2.14,2.14,196.98,4158,,,,,,AAPL,2025-07-18,235.0,C,AAPL250718C00235000
1.81,1.9,1.86,1.77,193.16,4176,,,,,,AAPL,2025-07-18,235.0,C,AAPL250718C00235000
2.24,2.53,2.38,2.4,199.74,4131,,,,,,AAPL,2025-07-18,235.0,C,AAPL250718C00235000
3.1,3.3,3.2,3.3,204.6,4386,,,,,,AAPL,2025-07-18,235.0,C,AAPL250718C00235000
3.6,3.7,3.65,3.7,208.37,4705,,,,,,AAPL,2025-07-18,235.0,C,AAPL250718C00235000
3.2,3.45,3.32,3.3,209.28,5212,,,,,,AAPL,2025-07-18,235.0,C,AAPL250718C00235000
3.5,3.6,3.55,3.52,210.14,5235,,,,,,AAPL,2025-07-18,235.0,C,AAPL250718C00235000
3.5,3.6,3.55,3.55,211.21,5436,,,,,,AAPL,2025-07-18,235.0,C,AAPL250718C00235000
4.0,4.2,4.1,4.13,212.5,5717,,,,,,AAPL,2025-07-18,235.0,C,AAPL250718C00235000
3.6,4.15,3.88,4.0,213.32,5998,,,,,,AAPL,2025-07-18,235.0,C,AAPL250718C00235000
1.8,1.91,1.86,1.86,205.35,7880,,,,,,AAPL,2025-07-18,235.0,C,AAPL250718C00235000
1.3,1.34,1.32,1.32,198.89,8244,,,,,,AAPL,2025-07-18,235.0,C,AAPL250718C00235000
1.28,1.31,1.3,1.32,198.51,8413,,,,,,AAPL,2025-07-18,235.0,C,AAPL250718C00235000
1.04,1.1,1.07,1.14,196.25,8494,,,,,,AAPL,2025-07-18,235.0,C,AAPL250718C00235000
1.14,1.19,1.16,1.12,197.49,8544,,,,,,AAPL,2025-07-18,235.0,C,AAPL250718C00235000
1.07,1.1,1.08,1.09,198.53,9837,,,,,,AAPL,2025-07-18,235.0,C,AAPL250718C00235000
1.91,1.93,1.92,1.91,210.79,9986,,,,,,AAPL,2025-07-18,235.0,C,AAPL250718C00235000
32.15,34.75,33.45,32.45,202.52,2390,,,,,,AAPL,2025-07-18,235.0,P,AAPL250718P00235000
33.8,34.55,34.17,33.72,202.14,2393,,,,,,AAPL,2025-07-18,235.0,P,AAPL250718P00235000
41.05,41.8,41.42,42.0,194.27,2397,,,,,,AAPL,2025-07-18,235.0,P,AAPL250718P00235000
38.05,39.3,38.67,38.6,196.98,2401,,,,,,AAPL,2025-07-18,235.0,P,AAPL250718P00235000
42.25,43.25,42.75,43.59,193.16,2401,,,,,,AAPL,2025-07-18,235.0,P,AAPL250718P00235000
36.05,36.95,36.5,36.75,199.74,2401,,,,,,AAPL,2025-07-18,235.0,P,AAPL250718P00235000
32.05,32.85,32.45,31.95,204.6,2401,,,,,,AAPL,2025-07-18,235.0,P,AAPL250718P00235000
28.5,29.2,28.85,28.93,208.37,2400,,,,,,AAPL,2025-07-18,235.0,P,AAPL250718P00235000
27.5,28.15,27.82,28.6,209.28,2400,,,,,,AAPL,2025-07-18,235.0,P,AAPL250718P00235000
26.75,27.25,27.0,28.6,210.14,2400,,,,,,AAPL,2025-07-18,235.0,P,AAPL250718P00235000
25.5,26.75,26.12,25.5,211.21,2400,,,,,,AAPL,2025-07-18,235.0,P,AAPL250718P00235000
24.7,25.9,25.3,27.02,212.5,2400,,,,,,AAPL,2025-07-18,235.0,P,AAPL250718P00235000
24.3,25.4,24.85,25.25,213.32,2399,,,,,,AAPL,2025-07-18,235.0,P,AAPL250718P00235000
30.2,30.95,30.58,30.6,205.35,2402,,,,,,AAPL,2025-07-18,235.0,P,AAPL250718P00235000
36.05,37.1,36.58,36.75,198.89,2402,,,,,,AAPL,2025-07-18,235.0,P,AAPL250718P00235000
35.75,38.3,37.02,35.55,198.51,2403,,,,,,AAPL,2025-07-18,235.0,P,AAPL250718P00235000
38.65,40.95,39.8,36.55,196.25,2410,,,,,,AAPL,2025-07-18,235.0,P,AAPL250718P00235000
37.7,38.15,37.92,36.1,197.49,2408,,,,,,AAPL,2025-07-18,235.0,P,AAPL250718P00235000
36.65,37.25,36.95,36.6,198.53,2408,,,,,,AAPL,2025-07-18,235.0,P,AAPL250718P00235000
24.7,25.05,24.88,25.19,210.79,2414,,,,,,AAPL,2025-07-18,235.0,P,AAPL250718P00235000
